{
    "items": [
        {
            "name": "Terrain",
            "folderColor": {
                "r": 0.6698113083839417,
                "g": 0.35867840051651,
                "b": 0.18640975654125215,
                "a": 1.0
            },
            "folderImageType": 0
        }
    ]
}